Transaction_ID,Transaction_Amount,Transaction_Date,Transaction_Time,Payment_Method,Device_Used,IP_Address,Is_Fraudulent,Product_Id,Customer ID
15d2e414-8735-46fc-9e02-80b472b2580f,58.09,2020-02-20,05:58:41,bank transfer,tablet,212.195.49.198,0,10101,100
0bfee1a0-6d5e-40da-a446-d04e73b1b177,389.96,2025-02-20,08:09:45,debit card,desktop,208.106.249.121,0,10201,101
e588eef4-b754-468e-9d90-d0e0abfc1af0,134.19,2018-03-20,03:42:55,PayPal,tablet,76.63.88.212,0,10301,102
4de46e52-60c3-49d9-be39-636681009789,226.17,2016-03-20,20:41:31,bank transfer,desktop,207.208.171.73,0,10401,103
074a76de-fe2d-443e-a00c-f044cdb68e21,121.53,2015-01-20,05:08:17,bank transfer,tablet,190.172.14.169,0,10501,104
4e707452-7c8a-4cbd-b0c1-2aeaa35c5e88,166.41,1930-01-20,10:55:14,bank transfer,tablet,202.237.29.55,0,10601,105
7ed952fe-8ae1-4f11-8cc5-6607060240d8,92.88,2004-02-20,19:59:10,PayPal,tablet,13.45.27.192,0,10701,106
0b2fb5aa-7171-472f-8269-371094608a07,318.14,2020-02-20,13:30:29,credit card,desktop,131.141.230.185,0,10801,107
1f52366c-7f40-4397-885f-3856b6e6531c,47.92,2003-03-20,19:44:00,bank transfer,desktop,210.148.17.240,0,10901,108
3f10dfde-9c4c-4085-9872-4f6b39502ffb,121.78,2016-01-20,21:19:39,bank transfer,mobile,174.32.252.238,0,11001,109
75f19b14-516c-4f1c-a99e-f1c456453b55,633.39,2020-01-20,22:11:22,PayPal,tablet,201.188.209.214,0,11101,110
0dae14e6-aca5-48b4-8853-51188d3e9d9c,56.31,2016-02-20,21:08:15,PayPal,tablet,81.95.103.200,0,11201,111
fb09ac9b-8c76-4caf-9973-c79563a186c2,275.87,2015-02-20,11:45:52,credit card,mobile,105.173.82.111,0,11301,112
3a25fa55-ec25-4b47-bb3a-21fd7b2a4833,178.94,2029-01-20,15:55:08,debit card,mobile,211.46.251.245,0,11401,113
c696ffee-f01d-4447-b0d4-45fcbca65d13,374.04,2014-02-20,13:31:00,bank transfer,tablet,25.126.229.2,0,11501,114
e3ac696e-978c-43c9-a659-6e1a93289b28,169.04,2004-03-20,10:10:58,debit card,tablet,1.199.155.117,0,11601,115
e3c1a8ee-6455-4a39-a4b0-6f3be08c56a8,254.48,2008-01-20,08:26:25,bank transfer,desktop,52.160.5.136,0,11701,116
08ded43b-24bf-4001-925e-fd7ce210baa8,266.06,2026-01-20,14:29:25,debit card,tablet,194.26.237.2,0,11801,117
0c0345fa-406b-4064-8e57-750ea3b0ea41,263.28,2007-03-20,22:58:45,debit card,tablet,166.131.101.195,0,11901,118
8501d4c2-10e4-4aea-88bc-10b2a168cb28,475.76,2017-01-20,10:58:52,PayPal,mobile,196.101.90.48,0,12001,119
4b798a5c-8400-439f-8e2c-491902645751,89.38,2007-02-20,02:13:55,credit card,mobile,82.111.15.220,0,12101,120
0293493e-7c4f-4b2e-bcb0-838f380e9321,264.24,2016-01-20,07:04:42,credit card,mobile,201.24.228.3,0,12201,121
402da312-6957-47a7-b513-40eb4a1c614e,123.35,2002-04-20,19:54:47,debit card,desktop,199.73.51.223,0,12301,122
77f985cd-261c-40c9-a2f9-b107491cddc9,199.02,2027-01-20,02:56:50,debit card,tablet,165.239.47.50,0,12401,123
bf43217a-c0d3-4e77-bb23-7eb77c44d1b9,675.74,2016-03-20,10:22:06,bank transfer,desktop,40.225.6.79,0,12501,124
b4c3e417-6627-449d-9923-8e554060a164,352.67,2012-01-20,23:25:02,bank transfer,mobile,132.248.133.78,0,12601,125
0b5286d8-853b-4276-b3b5-7b20c309c2e3,53.73,2015-03-20,14:11:33,bank transfer,mobile,103.23.100.105,0,12701,126
39b77e1a-f7aa-4281-b04c-8c401dc1b2b3,21.24,2013-01-20,19:36:49,debit card,desktop,89.25.29.96,0,12801,127
66eecfd6-fa41-4c3b-bab3-07c76ad7d798,118.83,2006-02-20,22:06:46,debit card,mobile,66.205.254.110,0,12901,128
1b46cabd-fa15-47b7-91aa-f61e7c2724c1,267.12,2009-03-20,00:04:37,credit card,tablet,123.118.78.180,0,13001,129
74118581-84a5-477e-80de-4c795dc8af25,153.05,1931-01-20,03:10:38,debit card,mobile,94.151.244.55,0,13101,130
bb26a794-4d18-4ef4-9010-b26dc36f9ad0,615.52,2009-02-20,16:59:12,credit card,mobile,190.153.209.188,0,13201,131
0a5ba20d-69d5-4ff7-bb88-50f6d402dabe,31.08,2017-01-20,13:18:27,PayPal,tablet,78.50.82.205,1,13301,132
4fef0df1-e9d7-41b8-b4ca-88f60632b729,141.89,2029-03-20,04:57:16,debit card,mobile,206.94.162.125,0,13401,133
636856f2-8760-4f7a-a0d9-3176d3326c18,355.32,2018-01-20,20:26:43,debit card,desktop,15.50.77.94,0,13501,134
8e3efc28-4aa3-4df8-85f2-c5acea728490,16.05,2017-03-20,01:27:50,credit card,mobile,116.65.177.140,0,13601,135
5433bc54-bd96-47c6-b9fa-c5e677155c9b,112.27,2004-03-20,00:33:27,credit card,desktop,194.90.197.59,0,13701,136
247de335-896b-4171-960e-fdb0e92524c4,56.33,2004-02-20,07:53:00,bank transfer,desktop,118.118.247.178,0,13801,137
d9726a32-b097-48dd-9803-37ee6d1b8201,183.16,2006-03-20,08:31:04,PayPal,mobile,27.246.31.121,0,13901,138
2a62cfca-59f6-476b-bae3-e01cf013915d,295.28,2012-03-20,07:28:28,bank transfer,mobile,106.33.166.228,0,14001,139
aa4c8ef8-1e0a-4657-92fd-659a1c22253c,71.57,2017-02-20,21:28:09,bank transfer,tablet,90.75.141.52,0,14101,140
ed9801c8-fabb-4fc0-ba19-e0a7df267adf,264.31,2016-02-20,20:34:07,PayPal,desktop,70.111.19.233,0,14201,141
08a0992e-eda9-4d68-a733-622f3a5c3eb8,152.78,2029-01-20,23:11:40,debit card,tablet,80.151.70.179,0,14301,142
fec2c684-e355-4832-9e6d-84ddac57d104,244.2,2022-01-20,00:52:01,debit card,mobile,176.246.24.132,0,14401,143
53740e77-0a7a-4dcd-82a2-e82ddfe774a6,404.27,2020-01-20,03:22:35,credit card,mobile,138.253.244.35,0,14501,144
c217760b-a18e-4963-b079-a4f08afbc930,43.96,2019-02-20,22:57:27,debit card,mobile,179.59.183.205,0,14601,145
48bb3bd2-c616-4071-973a-270a829f19a7,87.36,2021-02-20,13:41:02,PayPal,tablet,136.225.140.174,0,14701,146
c1681a49-698d-4ff4-a445-c4f1aa13b9f5,96.07,2015-03-20,07:50:40,PayPal,desktop,42.205.203.181,0,14801,147
35195f37-170f-4ae5-ad99-092744672112,361.22,2024-03-20,15:53:36,debit card,tablet,213.204.202.116,0,14901,148
e9bc401d-d408-4ad4-b9a3-5d217f4ddea4,86.51,2025-01-20,19:12:01,debit card,mobile,94.208.203.43,0,15001,149
ffc2d68a-5717-465e-9c54-1e794f62e21b,686.48,2010-03-20,09:30:42,debit card,mobile,66.10.168.104,0,15101,150
961b63c1-4b20-4513-b09d-7c5bedf12368,115.91,2019-01-20,08:58:42,PayPal,tablet,150.248.51.26,0,15201,151
d4539b2d-2b55-4b42-b8cd-cd5a6603b486,268.3,2025-03-20,08:49:36,credit card,desktop,205.79.162.144,0,15301,152
286788e3-94bc-4d13-9e64-a20441c30cf9,65.03,2025-02-20,00:47:09,debit card,mobile,3.68.182.201,0,15401,153
ccc482ec-51bd-45bd-9499-fa8946ceab15,22.93,2029-01-20,20:04:26,credit card,desktop,42.203.164.128,0,15501,154
147607a9-e7cc-4050-9c0a-8cb798e8f4af,556.02,1930-03-20,12:21:37,credit card,tablet,111.198.106.134,0,15601,155
d4d59c86-4003-45e5-9c0d-56d9e0a81015,51.05,2005-02-20,18:09:11,PayPal,desktop,156.230.136.99,0,15701,156
6a57a850-189a-4d96-b86b-5c6005d5f2c7,10.59,2011-01-20,03:02:57,debit card,tablet,130.33.173.82,0,15801,157
7b653e0f-2b4c-4772-992c-282ce0bf1f26,847.22,2014-02-20,12:16:11,bank transfer,mobile,185.146.150.184,0,15901,158
001588cf-5c96-45ac-8bc7-29c064a06d33,56.83,2028-01-20,15:36:10,debit card,tablet,134.165.126.136,0,16001,159
65e598b8-20fe-40f9-84b4-2525e5d90035,542.49,2024-03-20,22:29:22,PayPal,tablet,29.113.189.158,0,16101,160
f66e9461-c7a6-44e0-a515-a5e4a85f63fa,31.21,2018-02-20,13:22:46,credit card,mobile,123.170.189.67,0,16201,161
329033cc-f09c-40bd-92ed-12f007f7029c,105.36,2020-02-20,18:44:08,debit card,desktop,92.104.110.215,0,16301,162
a5a6b31e-d7db-4e7e-9446-ab02ad883c2b,46.76,2004-01-20,12:27:16,PayPal,mobile,23.59.10.240,0,16401,163
d5afbace-4eb1-405f-9993-8ea07b95decc,133.05,1931-01-20,14:31:23,PayPal,mobile,152.24.166.58,0,16501,164
1ac39f8c-b3b4-4dc5-8df0-bd57f609663d,106.72,2017-02-20,04:00:28,credit card,mobile,223.133.208.242,0,16601,165
33693a01-961c-47b1-b3c1-3b78dff29c14,44.04,2028-03-20,14:20:46,debit card,tablet,196.206.106.186,0,16701,166
e116e5e2-2b9c-4ed1-befc-bdbfde4f533e,32.15,2021-02-20,21:52:54,debit card,mobile,102.183.199.225,0,16801,167
0445dad3-bc7b-4d94-b3d0-299a9095ed23,839.3,2019-03-20,17:10:23,bank transfer,mobile,65.77.31.204,1,16901,168
08b61420-a883-4f93-9d21-afb299038d2e,63.15,2003-02-20,02:39:01,credit card,desktop,158.169.135.20,0,17001,169
50dede81-f811-427d-b4a3-232e47565d39,323.24,2029-02-20,04:08:51,credit card,tablet,164.143.81.49,0,17101,170
57c6bf34-a7ab-4e0b-8bb6-0d16c94804f4,150.28,1931-01-20,09:08:48,credit card,desktop,117.189.96.77,0,17201,171
20ade4ba-583f-4280-9308-663caa668c3a,159.28,2009-03-20,02:45:40,debit card,tablet,12.202.94.233,0,17301,172
af659543-5f30-462e-8d05-7734a610191a,1161.64,2014-02-20,14:16:32,debit card,mobile,197.148.88.121,0,17401,173
ba63eb43-bdf9-4a68-8872-2aad2ce9de12,1213.67,2005-02-20,07:35:36,credit card,desktop,13.72.40.114,0,17501,174
0599cc6f-a589-4efb-9a9d-96d0a2d37367,187.94,2004-03-20,09:41:20,credit card,desktop,3.224.70.193,0,17601,175
9f6847cf-b6aa-4224-ba44-9cd204f55d95,11.41,2003-01-20,20:35:39,PayPal,tablet,160.136.143.166,0,17701,176
ac66b416-47a2-4788-b5d6-9f06adce2348,94.46,2005-03-20,01:40:08,debit card,tablet,182.133.58.4,0,17801,177
ecb35870-c7dc-4647-a8aa-7dd2488be329,11.84,2008-01-20,15:18:49,PayPal,desktop,116.33.62.5,0,17901,178
12bf85d4-b844-4c41-b335-5604454a3b14,506.36,2009-02-20,20:55:17,debit card,mobile,66.170.239.81,0,18001,179
d446a0dc-f691-4222-a1bd-34c3361bce9d,211.68,2019-03-20,10:02:17,credit card,mobile,65.218.194.159,0,18101,180
5103641f-e01f-48cf-a592-43781c08261d,251.05,2023-03-20,22:59:08,credit card,tablet,25.176.170.209,0,18201,181
de553ceb-ec58-42db-9ade-741ae448ae3a,171.68,2006-01-20,01:22:35,bank transfer,tablet,188.213.142.104,0,18301,182
3b57a59c-7fb0-423d-9894-b2ed129ff712,530.29,2018-03-20,01:14:32,PayPal,mobile,176.27.26.35,0,18401,183
3902ee33-2d2e-43bf-a24f-148bff0a016d,17.91,1930-01-20,01:09:57,credit card,tablet,141.36.84.174,0,18501,184
cb180914-6aeb-4d48-b65f-07f208ceddad,379,2010-01-20,20:08:38,debit card,desktop,211.189.218.190,1,18601,185
a35776e1-47d9-4c46-bfa5-ecd02f488518,19.25,2011-02-20,16:54:12,bank transfer,mobile,126.224.150.175,0,18701,186
8e864935-a205-490d-b193-341d8e90a1b0,104.07,2007-01-20,15:41:53,PayPal,tablet,195.31.145.184,0,18801,187
9759be63-925f-4a74-98ee-e810d77e7c96,382,2024-02-20,15:45:44,credit card,desktop,22.52.24.70,0,18901,188
c0f46083-6681-4ada-9c14-6b1230787a0f,216.17,2015-03-20,11:32:46,credit card,tablet,145.63.154.89,0,19001,189
913952b7-b318-4a4b-9939-9428c7307e9e,189.53,2028-02-20,00:01:55,bank transfer,desktop,49.140.32.35,0,19101,190
9e688a54-0335-43eb-bb24-8a72e05c8676,26.84,2022-03-20,03:27:54,bank transfer,tablet,104.222.195.52,0,19201,191
3fda2da7-5cfd-4084-b727-6430229978a7,46.26,2006-01-20,10:28:06,credit card,tablet,213.226.163.230,1,19301,192
fb23e98a-84d3-4234-8f97-f25664f4f072,119.02,2010-03-20,16:26:04,PayPal,mobile,44.228.41.78,0,19401,193
b443bbc9-d766-43f0-8ed9-46cb60ff9e00,174.78,2022-02-20,08:15:29,bank transfer,mobile,172.75.17.226,0,19501,194
55a9d0ba-aa5f-4af2-b248-b512c04d4c0e,122.84,2027-02-20,12:07:47,debit card,desktop,23.24.185.173,0,19601,195
f7835648-71e0-4ccb-b4db-4f953b1c650c,145.91,2020-03-20,06:07:53,credit card,desktop,53.197.56.198,0,19701,196
1beef3a0-0b29-4295-be1f-a585a7cb68fd,147.55,2006-02-20,12:52:33,bank transfer,desktop,118.63.161.58,0,19801,197
cbb1ec3d-ceb5-44fe-9cf0-43aa3eec62c7,46.19,2023-01-20,11:49:32,PayPal,tablet,206.249.33.26,0,19901,198
9dce1e05-d717-4dff-8151-e300dba62cff,147.29,2013-02-20,19:02:01,debit card,tablet,183.160.14.147,0,20001,199
8c6df6b1-0539-4cb3-a13e-3efb5a44041c,34.72,2024-03-20,03:37:08,credit card,mobile,131.71.249.102,0,20101,200
cb4cce6b-08e2-409d-a9d7-db77b556b7eb,51.71,2029-03-20,15:27:57,credit card,mobile,161.158.198.37,0,20201,201
660688c9-3f69-43b9-a196-7b9b6eebfe5e,71.16,2020-01-20,16:12:18,bank transfer,tablet,109.109.143.73,0,20301,202
9daf24bf-9284-4702-88f1-2e3f758595e7,703.19,2019-03-20,14:27:35,bank transfer,mobile,115.21.199.182,0,20401,203
4b383695-788c-440b-9540-d5327a7b83b8,460.35,2001-04-20,04:26:08,credit card,tablet,75.233.39.194,0,20501,204
6bfe72ad-0832-437f-b70a-cada2cb88591,77.78,2008-02-20,04:59:08,debit card,tablet,70.179.125.50,0,20601,205
652eccc9-5606-4bfa-b134-33604eab89df,116.96,2012-03-20,18:22:43,debit card,tablet,167.93.7.102,0,20701,206
4df50d7d-48ce-4494-8f79-2573f86e3caa,894,2014-02-20,06:06:27,credit card,desktop,28.124.60.192,0,20801,207
bf1ad54a-5bd1-41ba-aab5-2ede5d0d799d,868.43,2012-02-20,04:11:06,PayPal,tablet,108.78.28.150,0,20901,208
6b8af33b-b9fd-4142-8dc8-21fc34f2cf44,104.25,2025-03-20,22:31:07,credit card,desktop,194.255.211.186,0,21001,209
9e36d3af-422b-4784-8c0e-9a19a2de7898,26.11,1930-03-20,17:24:10,debit card,desktop,9.64.249.149,0,21101,210
dbcf8336-e8f8-4214-859f-ab7464e719d9,86.48,2022-02-20,02:04:13,bank transfer,tablet,43.15.11.142,0,21201,211
4c85b673-eea0-43c4-a6cb-ec4715d7b677,73.3,2023-02-20,22:59:01,credit card,mobile,77.50.41.160,0,21301,212
b8a6c551-2fd1-438b-b960-29cc51205d8f,187.37,1930-03-20,01:17:31,PayPal,mobile,211.53.39.254,0,21401,213
e6ae6529-948f-4c21-b114-f836f5cbee94,77.83,2007-01-20,22:37:09,PayPal,desktop,53.52.247.199,0,21501,214
13dd0ce0-a201-4685-95b6-e28ece0f9f8f,14.34,2023-02-20,22:45:53,credit card,tablet,28.74.187.170,0,21601,215
c00e405a-c16c-401e-8ec4-222821300d9d,385.8,2020-02-20,16:01:53,debit card,mobile,166.229.97.42,0,21701,216
08b45a8e-b545-45d8-89ef-0599e5fbc069,186.28,2028-02-20,19:44:39,credit card,tablet,190.83.210.73,0,21801,217
4a2bbfa3-877f-4bd0-a825-a8222bbf5a2e,34.24,2024-01-20,09:50:05,bank transfer,mobile,181.224.183.69,0,21901,218
e69a48c5-eef8-4de1-bc06-c6d7f23f8c95,147.66,2025-02-20,00:39:55,debit card,mobile,198.235.70.78,0,22001,219
92576bfb-1b16-4bd5-8fb0-e46e31c03c7e,258.95,2018-02-20,11:26:09,credit card,desktop,212.238.194.221,0,22101,220
da0a7b0d-accf-4ff2-a9cf-f4015b59f18a,119.62,2018-02-20,03:17:03,bank transfer,tablet,188.218.60.32,0,22201,221
30ef7f64-275f-49df-97b2-f2eab7c31ffb,706.2,2012-02-20,21:09:40,credit card,desktop,35.67.33.52,0,22301,222
d766624f-8f66-468a-97af-481fe79ae2a6,130.44,2029-02-20,01:08:43,credit card,tablet,57.41.126.196,0,22401,223
fb1c1e73-4716-4098-b6b4-abee766ccfbe,123.77,2025-03-20,15:50:54,debit card,desktop,71.240.191.31,0,22501,224
786da9ef-0d9b-497e-b5a9-0ee4e4af0e14,36.31,2023-01-20,16:39:11,credit card,tablet,18.84.29.231,0,22601,225
8e81b36e-9d2d-456e-9508-bf9acf1b6a7a,478.72,2019-01-20,18:17:29,credit card,mobile,86.252.252.207,0,22701,226
eddfc3f2-7a60-452e-bd19-21f4d831d6ba,109.55,2017-03-20,04:42:55,debit card,tablet,19.27.69.135,0,22801,227
add76b9e-ae66-4624-a97f-fdc049614926,36.14,2003-03-20,14:49:52,bank transfer,mobile,108.142.52.122,0,22901,228
fe6c9485-a94c-43f7-88fa-61161c75f731,52.55,2027-01-20,20:57:22,credit card,tablet,50.5.194.148,0,23001,229
c97c6d9f-e7df-4472-bf58-178d3f37b4c9,375.25,2018-01-20,01:21:13,bank transfer,tablet,46.73.189.184,0,23101,230
f79c655d-18e0-41f8-8aec-a3fd4b30ff0a,493.39,2022-03-20,09:49:34,PayPal,mobile,197.14.188.243,0,23201,231
3840df25-0c37-491f-9276-6c7e2e2f49f0,40.42,2016-03-20,14:03:53,bank transfer,mobile,179.46.122.98,0,23301,232
bbad91f5-4522-40c2-9ee1-6361887a1723,12.39,2001-03-20,01:12:10,debit card,desktop,157.222.228.114,0,23401,233
aadb4336-6be4-4441-a7d2-397048466bfc,31.97,2019-02-20,21:38:54,credit card,tablet,220.17.141.9,0,23501,234
f430dfa3-2f82-4e67-b527-c9280b6afe87,158.77,2006-02-20,02:06:15,bank transfer,desktop,150.171.219.82,0,23601,235
0764a5a1-0a61-4a7f-8805-f0a71dc0da28,70.88,2021-03-20,07:21:50,credit card,desktop,196.86.54.171,0,23701,236
b8a2decb-575e-43ff-b30f-2d45554bdef6,201.85,2016-02-20,23:52:17,credit card,mobile,176.203.246.155,0,23801,237
2bc9663e-717a-4651-af39-d6bfd2177bc1,525.74,2004-03-20,21:37:10,PayPal,desktop,159.33.60.159,0,23901,238
df84765e-5110-45e5-a277-0114872c8f11,181.91,2006-03-20,09:06:49,credit card,tablet,179.69.29.67,0,24001,239
0e574e16-d285-4141-9455-bbbe6b7f8f76,136.27,2016-01-20,12:27:36,credit card,mobile,83.137.148.168,0,24101,240
56b6e0c5-18eb-41d1-accc-602731c11de1,26.09,2009-02-20,10:41:27,debit card,tablet,222.60.117.151,0,24201,241
ed3ee0fa-bf62-4792-a1e7-6c3f454f6fe4,696.33,2026-02-20,10:37:04,PayPal,tablet,85.126.242.76,0,24301,242
c8400a91-cae4-49ec-a292-ae432149277b,109.26,2029-03-20,12:19:40,credit card,desktop,92.192.159.40,0,24401,243
62407bab-c37c-4f01-9335-b040875f4d2a,444.45,2027-01-20,20:17:33,PayPal,mobile,207.245.198.231,0,24501,244
1d4d0d14-6798-47a9-a3fe-91a569e5af64,104.05,2021-03-20,17:41:42,debit card,desktop,146.220.170.171,0,24601,245
4f8de1e6-7b94-4e5e-8a17-3424f89a387a,124.41,2007-02-20,02:12:32,PayPal,mobile,138.34.253.9,0,24701,246
62035d56-f599-4c0b-9384-3ed1d4d7b087,17.07,2026-02-20,08:13:33,bank transfer,mobile,92.45.76.152,0,24801,247
8d458213-3060-4c7c-b63f-0ea935b218f9,378.93,2022-01-20,16:52:54,PayPal,mobile,25.225.39.31,0,24901,248
edf09a98-8979-487b-85c5-c19caaa8f530,673.88,2016-02-20,00:00:51,debit card,mobile,15.80.83.117,0,25001,249
d40c5d6a-c221-4502-aa04-e3a57f45285a,49.46,2008-02-20,18:21:33,credit card,desktop,105.20.145.94,0,25101,250
f4a8516b-887c-41a3-8ff0-4a0f39dc7d37,200.86,2003-03-20,02:16:23,credit card,desktop,29.220.121.31,0,25201,251
7ad815d0-e81d-4016-950e-82bd9dbc9c3c,333.4,2008-03-20,21:15:48,PayPal,tablet,137.249.93.82,0,25301,252
e39395a3-6d55-4ffa-af1a-ca4fa0e7d97b,640.61,2028-01-20,12:50:26,debit card,mobile,210.87.28.26,0,25401,253
bac3b6af-3f6e-4457-be9f-3668c29664e3,198.7,2025-02-20,19:28:44,PayPal,mobile,176.238.142.208,0,25501,254
8740adae-0204-4125-bcd4-c1a0f324db10,460.49,2029-02-20,07:45:30,debit card,tablet,114.102.84.79,0,25601,255
7a096842-c14d-4113-9d43-d2a5e09a3485,182.1,2012-03-20,07:51:31,credit card,mobile,125.113.48.76,0,25701,256
bfa48c0d-8e45-4ebf-947c-71f515724f7f,120.19,2017-01-20,10:33:16,bank transfer,desktop,212.123.150.97,0,25801,257
9dd4869f-9849-47ed-aaa0-332fad018a8c,42.06,2023-03-20,12:41:51,PayPal,tablet,175.108.129.54,0,25901,258
6feabac1-3379-4702-b3f5-ede5fdbd844b,265.95,2024-03-20,21:54:40,bank transfer,tablet,192.26.161.31,0,26001,259
d5874431-acf6-4e63-8df1-fcecbb75384d,81.85,2021-01-20,06:39:47,credit card,tablet,93.12.0.42,0,26101,260
b6c2af12-253f-47ab-909e-a537d04e2592,69.67,2008-03-20,02:44:25,credit card,mobile,23.223.207.22,0,26201,261
50e86dc3-571b-4710-ad21-b983de149502,451.79,2002-04-20,10:58:27,credit card,mobile,27.52.236.228,0,26301,262
8c65beb2-f2d0-46ea-bf5c-cac04b0e6eb2,166.47,2010-03-20,18:53:33,bank transfer,desktop,61.5.127.235,0,26401,263
c2416e98-ac7f-4dec-b282-bfa409cac103,715.28,2012-03-20,21:30:06,credit card,desktop,87.98.167.231,0,26501,264
29d85fc4-1f09-4ab7-838e-d798cd413d03,66.89,2001-03-20,07:42:25,credit card,tablet,111.61.128.106,0,26601,265
6a258d6f-2738-4db0-b905-ca25f5a28387,74.68,2028-03-20,11:59:10,PayPal,tablet,2.21.90.122,0,26701,266
71928412-e8cb-4f8c-a4d6-801703a8b68b,96.27,2001-01-20,19:15:32,credit card,desktop,216.160.146.181,0,26801,267
185bac49-94c6-43c0-a9c9-a5a710efbbd1,157.1,2021-02-20,20:18:17,PayPal,desktop,13.131.100.58,0,26901,268
e76e1328-06a2-4908-a942-91ab4d318fa3,303.07,2029-02-20,10:13:41,debit card,mobile,21.184.152.54,0,27001,269
5242123b-c9e5-4198-84aa-64675dbd30c7,71.98,2016-02-20,13:58:08,bank transfer,desktop,138.189.188.82,0,27101,270
e7a6d68c-abbc-4661-b3fd-f70b9d2215ac,214.71,2020-03-20,00:12:56,PayPal,desktop,206.163.151.107,0,27201,271
5766ae23-899a-45c3-87d7-2d4577e1f2c1,134.73,2014-02-20,14:08:21,bank transfer,desktop,74.174.105.142,0,27301,272
124da4fa-6c94-4cdb-90b5-93ef50dc2109,83.1,2022-01-20,20:15:29,credit card,tablet,172.6.162.57,0,27401,273
5e9f936a-cb65-4c5d-b1a4-fc5f704cdd8b,170.67,2023-01-20,03:40:22,bank transfer,tablet,63.125.226.219,0,27501,274
2b163608-f0aa-4186-9cf0-9929deffb135,199.65,2002-01-20,21:08:21,debit card,desktop,80.20.224.21,0,27601,275
5ebdac6f-100f-4bc4-b2ad-1ff85c5b3810,92.24,2029-01-20,01:17:10,credit card,desktop,211.217.169.226,0,27701,276
41832d98-1738-494a-8a81-29a33c8e3d6a,329.44,2017-02-20,22:57:28,PayPal,tablet,19.243.24.189,0,27801,277
0cd8d53c-251f-4136-940c-2a87687d14f5,1118.63,2003-04-20,01:52:51,debit card,tablet,152.214.163.223,0,27901,278
0e31c433-5dcc-46d8-a7da-b3dfb7e7e74a,379.43,2024-01-20,14:49:15,PayPal,tablet,163.233.133.53,0,28001,279
b1f6603a-3785-4aac-bbd5-c61cfc91c119,196.72,2023-02-20,03:45:08,bank transfer,desktop,169.125.85.91,0,28101,280
8a630b5f-5899-430b-95ca-bb66798c6f54,154.21,2021-01-20,02:34:39,debit card,mobile,61.28.43.71,0,28201,281
58d099d5-8709-4658-a285-971a7e88fcc1,285.87,2018-01-20,00:32:06,credit card,tablet,125.44.70.84,0,28301,282
21e61cd6-c04d-4313-baab-cef7ca06a464,487.43,2012-02-20,14:40:33,PayPal,mobile,57.56.100.139,0,28401,283
3c3ab2bf-d4c5-405f-9221-abeaa9879050,64.53,2017-02-20,14:56:49,debit card,desktop,196.199.123.24,0,28501,284
ad8c4bf2-6a78-487b-86fc-9ebd7c65e254,139.67,2003-01-20,01:09:22,PayPal,mobile,128.60.214.23,0,28601,285
ec032e7b-f1d6-48d4-a61c-511b202f08d8,24.98,2018-03-20,09:07:21,bank transfer,mobile,193.99.15.85,0,28701,286
9b66b9dd-997f-4550-ba5c-239e5784b7ab,22.42,2011-01-20,00:57:30,PayPal,tablet,137.199.10.23,0,28801,287
5081f574-f733-432a-8a89-049f1065689e,66.87,2003-02-20,12:44:52,PayPal,tablet,75.88.199.127,0,28901,288
2a71faf6-4a6c-4d5b-b561-fb77acfd58ff,162.36,2021-01-20,09:43:40,debit card,desktop,175.201.137.136,0,29001,289
38ca6df3-a7c1-4057-9d2e-3609fbbfcc2a,596.58,2010-02-20,07:57:10,credit card,tablet,201.78.28.131,0,29101,290
5ad75336-170f-4a8f-b337-9ee872dc08c6,2038,1930-01-20,17:40:15,credit card,mobile,54.172.17.233,1,29201,291
e23b13f8-8b86-4b5b-9850-20d443d486a2,26.45,2012-02-20,20:10:22,credit card,mobile,170.240.89.181,0,29301,292
b52cabeb-ebf5-4329-a3eb-9b1676bb0df3,259.68,2001-04-20,10:55:46,PayPal,desktop,29.46.141.177,0,29401,293
ceafadc8-a6df-40f3-907b-7a21b3d23ac0,314.75,2012-02-20,05:40:47,PayPal,desktop,217.36.161.207,0,29501,294
f3a572fb-f479-4acd-8c4f-da72d3e2702e,508.57,2004-02-20,03:33:51,bank transfer,mobile,158.208.137.224,0,29601,295
673b54fa-b4ad-4b08-aa56-b3dff03e3e7e,72.09,2023-02-20,16:40:55,debit card,desktop,100.148.248.98,0,29701,296
8649af83-d0ae-4361-bb23-52b6de8e7124,187.87,2003-01-20,06:45:56,debit card,tablet,203.31.42.164,0,29801,297
a08cbd5b-7fbc-4333-9e88-d0d2d0c0cb79,62.93,2004-03-20,07:54:04,PayPal,tablet,142.40.123.123,0,29901,298
4e2be07c-59dc-4929-be53-47b316c07146,463.35,2023-01-20,05:22:54,credit card,tablet,33.197.200.157,0,30001,299
10aee7e0-d1ff-4be8-88d2-1ac3f771f3f5,66.93,2007-03-20,01:27:34,PayPal,mobile,63.108.158.201,0,30101,300
dd7e3918-06c9-42b2-8f1d-9b0e19d600e6,28.86,2021-02-20,16:19:08,bank transfer,tablet,109.229.109.6,0,30201,301
3b1b8575-9243-4505-86f0-b8331ef34d00,234.73,2003-01-20,20:26:20,bank transfer,mobile,129.176.195.216,1,30301,302
778e1ced-dd02-4fdb-a199-8be6768fc6f2,211.52,2027-03-20,03:07:06,bank transfer,desktop,188.247.180.78,0,30401,303
08909998-ae8f-4dcf-ad2e-40a855373ec1,49.59,2004-03-20,04:58:50,credit card,desktop,112.35.124.123,0,30501,304
1cbd2e84-889d-4654-be01-c8ebfb41176d,180.89,2008-03-20,05:42:21,PayPal,desktop,131.39.29.188,0,30601,305
e36ab022-9f03-4270-a82c-f47d043bf3f8,200.77,2005-03-20,21:52:42,debit card,desktop,102.89.195.168,0,30701,306
1b9debcf-b4a0-435d-806e-bf3a64d938a5,172.08,2005-01-20,10:36:43,PayPal,desktop,201.168.192.41,0,30801,307
2c7ff63f-2b02-40a3-896f-71dec997de01,153.78,2002-04-20,01:06:59,debit card,desktop,98.36.228.250,0,30901,308
9a390316-082e-4109-b579-bf2bd3d7ef53,72.08,2005-02-20,09:19:00,debit card,tablet,178.211.116.186,0,31001,309
f856c567-e3b2-4511-ae81-b15b815240a7,66.55,2024-02-20,01:17:05,debit card,mobile,146.225.172.147,0,31101,310
65ca14e7-8448-433b-84f8-58d3c2301e01,471.51,2014-01-20,04:09:00,PayPal,desktop,222.3.176.187,0,31201,311
0c726f23-8af8-4656-8746-f77a0578bb12,293.2,2017-03-20,15:51:30,PayPal,desktop,95.72.28.52,0,31301,312
ca300885-ef8f-478b-be7a-03735374d165,52.4,2014-03-20,11:58:09,debit card,desktop,37.166.25.113,0,31401,313
ddcc7758-2042-49e6-b0c3-ff3d943e4c5a,25.18,2026-03-20,21:11:48,bank transfer,tablet,34.169.27.202,0,31501,314
fcea64a7-04c6-4aa9-a4f8-73046c6400d3,118.67,2015-02-20,15:09:27,credit card,tablet,67.68.109.122,0,31601,315
c5cbd2b8-535f-4443-8d44-cc8304a258c4,183.04,2023-01-20,23:39:58,bank transfer,tablet,134.197.81.134,0,31701,316
352ae37a-ee32-4fc7-98f8-3ead00082025,269.94,2021-03-20,09:18:52,PayPal,mobile,153.208.20.151,0,31801,317
3be568c2-406f-4ac6-a396-b6b0bdaf9641,270.55,2014-03-20,22:15:42,credit card,desktop,74.38.252.185,0,31901,318
d9cc32dc-0fd3-4342-b5c2-1848a1e7258a,34.05,2024-01-20,18:28:39,debit card,desktop,200.50.183.106,0,32001,319
6b0ead5b-48c8-421f-860a-2a3c10c458d4,17.6,2020-02-20,07:33:06,debit card,tablet,84.72.116.111,0,32101,320
d79acc79-3fd2-4339-8a00-483312652275,69.35,2004-01-20,11:49:12,debit card,mobile,148.64.174.255,1,32201,321
c7a61367-9c5e-4127-9caa-938f37709841,31.73,2016-02-20,11:15:41,bank transfer,desktop,126.45.213.12,0,32301,322
a5744a6e-85dc-4a4d-8b85-2ec85e81c7b8,28.05,1930-03-20,09:43:33,debit card,tablet,36.85.106.183,0,32401,323
826c929a-8b0b-4c7f-afee-a57477c6591c,104.41,2021-01-20,10:48:31,debit card,mobile,94.180.123.9,0,32501,324
d09d0289-444e-4938-a605-bbf272607f77,438.54,2015-02-20,02:29:06,PayPal,mobile,145.217.238.60,0,32601,325
f4add2ba-c05c-4c5a-bd36-4c2951e200c1,262.52,2024-02-20,13:01:49,debit card,tablet,73.31.189.162,0,32701,326
e02220b1-69b3-47e9-ba89-67a9d8a019c4,208.15,1930-01-20,22:52:50,bank transfer,mobile,48.203.41.20,0,32801,327
3104fb28-0bd6-4969-a436-175c41afa99b,352.26,2009-03-20,19:49:11,debit card,mobile,18.60.92.198,0,32901,328
78fa8e37-a814-4ffa-a96b-927fc53b79d3,19.06,2003-02-20,07:52:01,bank transfer,mobile,167.65.126.11,0,33001,329
a80e217e-33ee-4313-af31-1ca156be9e31,90.83,1931-03-20,05:32:40,debit card,desktop,12.254.165.37,0,33101,330
38ad6200-5566-4dcb-90c9-394a9a94f77b,548.74,2027-01-20,16:58:36,credit card,desktop,161.88.216.7,0,33201,331
0bcb952f-2fd2-41fd-94a8-7c5688e521cc,80.28,2008-02-20,19:16:42,debit card,tablet,69.209.188.128,0,33301,332
5a56c01a-a920-41a2-a4a0-a477eed554ac,254.68,2025-02-20,01:56:40,PayPal,mobile,76.22.194.243,0,33401,333
61c5110d-656a-46b3-99b6-a90c82f6a711,24.29,2008-03-20,15:30:46,credit card,mobile,91.82.46.203,0,33501,334
f9c29799-6cf4-45e0-99e1-382b5724504e,32.67,2010-02-20,06:28:35,debit card,mobile,208.50.248.134,0,33601,335
ebcadc19-730c-4f95-bc00-a8168319b89d,24.35,2003-03-20,23:42:07,debit card,desktop,199.93.174.225,0,33701,336
cce97a47-956b-4ede-8b40-62cf276b763c,141.12,1931-03-20,16:20:22,debit card,mobile,23.86.127.29,0,33801,337
c16a0b5c-00ad-408a-9a21-3c4225dcc5d2,97.94,2021-02-20,21:44:05,PayPal,tablet,140.138.225.39,0,33901,338
32f465bc-5ef0-40cb-b65b-7765c182498f,166.77,2027-01-20,23:54:52,bank transfer,mobile,110.69.155.228,0,34001,339
1185016c-d58b-44c8-bf0d-98b79082e357,86.48,2008-03-20,13:38:03,credit card,mobile,25.51.232.190,0,34101,340
fe0f9e95-d1d7-456c-b0ff-f75912aa6dcf,22.18,2007-01-20,08:29:25,bank transfer,desktop,155.24.186.83,0,34201,341
51429ff9-8137-4481-8a60-35732c60fe48,66.75,2007-03-20,01:12:37,bank transfer,mobile,211.116.94.138,0,34301,342
b9b6730e-f4b7-4d69-8341-54472f5a94ad,125.22,2015-02-20,06:01:46,credit card,desktop,58.231.91.92,0,34401,343
c151ae1a-45de-459f-8d4c-5ec7f380374b,372.55,2003-01-20,22:17:07,PayPal,tablet,56.209.22.171,0,34501,344
0b89a68c-414c-4da0-b5f8-c514cbb8951c,344.57,2007-03-20,09:04:00,debit card,tablet,84.99.34.188,0,34601,345
995c5584-c221-46e8-a43c-ff818ad27f32,95.1,2001-01-20,17:50:41,debit card,mobile,219.195.44.64,0,34701,346
f70ab042-fcf7-489e-aa87-a400d79a9009,109.98,2012-03-20,14:49:02,credit card,mobile,27.125.205.155,0,34801,347
bedd8e08-c243-4779-86be-077931be5364,81.51,2004-01-20,21:39:45,bank transfer,desktop,161.86.251.48,0,34901,348
e0c4b602-44e9-4dcf-82af-77d76c1e5d50,186.47,2009-01-20,04:45:02,bank transfer,tablet,51.176.196.95,0,35001,349
a7ca1450-8421-47b6-9852-eb4c4af1fd5d,205.33,2015-03-20,21:47:50,bank transfer,mobile,137.219.179.99,0,35101,350
f889e17b-d51e-41f8-b301-7cc209553770,71.65,2007-02-20,23:07:38,bank transfer,mobile,177.128.68.85,0,35201,351
8b58626f-d701-44d5-9a8f-6af34c69a100,48.09,2012-01-20,01:09:08,PayPal,desktop,14.8.253.182,0,35301,352
9e93c8d8-06bf-47d9-a282-d82dcc8c49cb,569.19,1930-03-20,20:00:24,debit card,tablet,122.215.211.144,0,35401,353
ea0df361-c451-454a-ab96-4e1ed5b63883,300.31,2010-01-20,23:20:37,PayPal,mobile,6.216.2.252,1,35501,354
eae249a0-be35-4ea7-bf6b-c0da43373418,599.25,2006-02-20,19:21:01,PayPal,mobile,141.100.146.230,0,35601,355
7644d80c-a0c7-4e26-a024-997e7317e41b,727,2020-03-20,11:29:34,bank transfer,mobile,208.125.9.211,0,35701,356
565f9ef1-f723-4dae-ab87-ae2b26a86dfb,323.96,2025-02-20,07:10:30,debit card,tablet,176.45.42.121,0,35801,357
6dd294e0-307a-4de4-8909-65bc1422e3fb,70.35,2022-03-20,03:51:37,credit card,mobile,64.34.33.61,0,35901,358
9de427db-93da-47a3-b7c4-3df59f32e545,69.19,2008-01-20,16:14:20,bank transfer,tablet,82.151.189.251,0,36001,359
d5975cb1-91a3-4300-92bc-d62bfda1d1ef,76.11,2016-02-20,23:30:16,bank transfer,desktop,69.217.25.73,0,36101,360
16b3429a-b497-41e7-b649-fe9e55f282b3,135.23,2004-01-20,20:02:48,PayPal,mobile,29.104.189.18,1,36201,361
1edb4b40-8089-4fcc-8d98-c8c8a3c3b52d,45.56,2007-03-20,02:45:26,PayPal,desktop,52.253.218.70,0,36301,362
a30aabd1-a021-4f14-9347-10a3ba7da7a7,67,2008-03-20,22:37:32,PayPal,mobile,218.126.34.64,0,36401,363
e995de62-ef98-4100-b1ee-3a95a19a0778,129.85,2020-03-20,18:00:23,bank transfer,tablet,58.204.41.96,0,36501,364
c4d42b3e-fc37-4df9-b930-80e378e15e2d,167.13,2026-01-20,21:33:06,PayPal,tablet,10.109.104.6,0,36601,365
858d6d43-af54-424f-88a5-fb022a7ab8fb,140.8,2001-02-20,01:27:32,debit card,tablet,125.72.131.119,1,36701,366
7ed1f0d6-2a97-45fc-9dcd-f7f5292397d1,101.92,2013-01-20,15:42:49,PayPal,mobile,179.254.99.24,0,36801,367
5b5cbe68-4e86-42f2-b2a4-d14c4b817a9f,347.4,1930-03-20,07:17:32,PayPal,mobile,8.161.157.177,0,36901,368
d1a08ef3-ff99-46fc-91bc-3f91a6c34145,11.32,2007-01-20,22:26:45,credit card,desktop,115.226.1.249,0,37001,369
436a2646-403a-4d08-9bcb-b58048dd5e0c,120.93,2008-02-20,14:03:40,bank transfer,desktop,194.186.145.244,0,37101,370
a65d5fc3-aca4-4cca-a127-d4f1c0f5d91d,85.56,2022-03-20,20:03:03,credit card,mobile,120.108.139.112,0,37201,371
571ce01e-4665-4933-86e2-beda280863c3,130.24,2012-01-20,21:50:14,credit card,desktop,121.79.135.31,0,37301,372
4ac84e12-5911-4d7e-bffa-984396a760c1,304.17,2026-03-20,06:53:29,debit card,desktop,64.99.216.14,1,37401,373
9194d77c-4d67-4a40-9cfe-55e6d4cd1a36,125.67,2004-01-20,14:17:02,debit card,tablet,35.43.67.103,0,37501,374
47de6d0b-bea2-47a5-9584-10a3d518f3b7,56.71,2001-02-20,06:50:17,bank transfer,mobile,197.48.222.14,0,37601,375
ceeab362-22df-4431-a85e-4cf67990998a,24.57,2017-01-20,09:04:05,credit card,tablet,24.21.118.230,0,37701,376
bee4349b-e587-4930-a701-6b6cb3330671,478.85,2008-02-20,18:42:38,bank transfer,mobile,79.44.118.149,0,37801,377
54020b08-01c5-41dc-ad8d-fa4dd54a4d32,241.05,2020-01-20,04:02:57,bank transfer,tablet,163.232.214.6,0,37901,378
4eec765b-2943-456f-b0e6-bf2145d5ee1f,48.17,2015-02-20,16:39:00,credit card,mobile,32.16.75.85,0,38001,379
7e4c4017-e507-4884-b64f-b191ab98145d,198.6,1931-03-20,01:18:27,PayPal,tablet,41.172.213.183,0,38101,380
6d3fee08-ed31-4bbc-91c3-247e5db3d32d,45.22,2023-01-20,18:20:45,debit card,mobile,87.148.45.91,0,38201,381
44bf8193-de47-480d-85f2-16ff1fd099e9,230.64,2023-02-20,05:59:31,bank transfer,desktop,43.5.49.69,0,38301,382
080c09a0-105c-48f8-9eeb-f99a2dfe0979,428.52,2024-02-20,14:32:15,PayPal,tablet,119.237.136.240,0,38401,383
4af7acac-9bc6-4a5a-a9b9-624f56cfe1f8,60.66,2028-03-20,01:00:28,bank transfer,mobile,207.181.183.172,0,38501,384
6e049b02-93a7-43a5-bfcd-5fb046f46bc4,88.8,2010-02-20,00:46:46,debit card,desktop,26.88.217.249,0,38601,385
b33f1942-e454-4058-9ac0-93ee8486fd13,138.58,2010-02-20,13:55:37,bank transfer,mobile,117.102.32.216,1,38701,386
ebe9d281-457e-4927-9953-2a6492bebca7,104.01,2008-03-20,23:25:01,debit card,tablet,36.210.90.217,0,38801,387
14a8fe6e-bc7e-43d9-8c86-9c26502d6243,50.62,2027-03-20,12:09:08,PayPal,tablet,151.40.201.143,0,38901,388
3d2e8bac-3514-40f5-af2c-99b1b67276bf,95.14,2003-02-20,01:34:26,debit card,mobile,14.64.102.92,0,39001,389
b1c532aa-c35c-47e7-90d4-b29a81b12bcf,100.71,2020-03-20,09:20:52,debit card,mobile,110.73.83.63,0,39101,390
aa1ace0f-2fd2-478b-8522-dfedb2fbcf58,586.62,2021-03-20,07:06:23,bank transfer,desktop,41.140.96.140,0,39201,391
75a7ced6-fe4c-4708-97f8-dedd6f0ee927,159.71,2025-01-20,02:36:34,bank transfer,tablet,177.97.13.211,0,39301,392
04a59dbe-4475-46bc-8ceb-6eb21760910f,66.14,2028-02-20,16:47:28,PayPal,tablet,211.123.209.100,0,39401,393
9c07ab63-a1e6-496a-890e-75c2dd38f0aa,300.22,2025-01-20,11:52:51,bank transfer,tablet,153.198.144.67,0,39501,394
48cc9b6a-4763-457f-aa28-37be82f65738,83.66,2006-01-20,11:06:55,debit card,desktop,52.98.162.40,0,39601,395
7b2110a3-020d-41f1-8b01-61b345805be9,159.12,2009-01-20,02:38:16,debit card,desktop,150.240.65.219,0,39701,396
bf8fb028-4e2d-44a4-931d-6fff338c5fa7,413.59,2003-03-20,05:54:25,debit card,mobile,86.124.234.171,0,39801,397
ea7e7383-1aa2-412f-aa95-e6b951bf7d58,456.78,2017-02-20,17:11:47,PayPal,tablet,9.49.132.130,0,39901,398
f2ec870e-8006-4c7d-a1e2-c9f1c0da892f,317.81,2003-01-20,04:09:01,credit card,tablet,144.173.56.137,0,40001,399
abf6147d-e7ed-44e0-8094-b702ed1763f5,18.2,2023-01-20,07:02:09,debit card,desktop,19.32.97.107,0,40101,400
512a9425-c460-4060-b270-c82ac401cef2,89.37,2012-03-20,07:01:30,PayPal,tablet,195.255.11.110,0,40201,401
8e49d393-5fbe-44b2-8151-f9cba34e4acf,56.58,2024-01-20,03:24:23,PayPal,desktop,77.97.134.57,0,40301,402
29380752-1ba6-4f4f-bb75-d7baac3cd557,108.46,2026-01-20,21:40:05,PayPal,tablet,84.102.1.112,0,40401,403
9761bee9-cdea-464c-b06a-6cf039857b12,37.34,2006-01-20,16:53:03,bank transfer,mobile,161.94.152.242,0,40501,404
9c9bd31d-87de-45db-9124-81e8298a56f2,126.67,2022-03-20,10:00:04,bank transfer,desktop,6.91.80.13,0,40601,405
8103e5b4-12c9-4e07-8bd0-593fa0f836ed,514.15,2005-02-20,22:22:03,debit card,tablet,100.158.28.175,1,40701,406
4879eb2a-c259-4857-8b7a-1a6afd47de16,162.33,2014-02-20,10:50:20,debit card,mobile,128.10.188.191,0,40801,407
be511a26-6f4f-4c1d-99f0-be4cacb1a4d3,231.05,2010-02-20,14:56:39,bank transfer,desktop,97.113.77.105,0,40901,408
14e53b03-dd6d-41e4-b718-7a2d615c9c84,106.72,2021-03-20,13:58:37,credit card,desktop,215.216.237.86,0,41001,409
d461bd6c-5da7-4d72-9f58-25f0c5050a2e,424.26,2002-04-20,07:43:48,debit card,mobile,129.172.211.3,0,41101,410
6273479a-e1c9-41c6-8a56-a907ff8e12b1,186.93,2029-03-20,06:35:09,debit card,mobile,103.228.159.162,0,41201,411
c023f0a9-660f-40e4-858e-e20e44f11248,158.3,2002-03-20,23:44:00,credit card,mobile,84.152.146.146,0,41301,412
99ce459a-9b8f-4958-8148-889846547ebf,57.67,2017-01-20,13:46:04,bank transfer,tablet,176.191.8.221,0,41401,413
391856a7-f143-4e2b-97ce-dbda579cc21f,141.72,2009-02-20,14:06:50,credit card,desktop,10.128.142.139,0,41501,414
c29f22e3-0423-43f4-9a6a-53b2c202db5f,143.04,2016-02-20,04:24:38,credit card,mobile,35.177.135.132,0,41601,415
afb96632-0ddc-4a0c-9c9d-abccd643037f,34.99,1931-03-20,14:53:44,debit card,desktop,62.98.111.105,0,41701,416
e55c039c-3115-4f96-a028-4d6bff0c2dec,75.55,2021-02-20,20:55:37,credit card,desktop,178.156.102.83,0,41801,417
1a3af4d6-bfba-4d25-8438-a63a8544f399,2104.55,2024-03-20,15:50:20,debit card,tablet,166.133.224.120,1,41901,418
fb9d0948-2fbe-4a5b-bdbd-5fa28e3cb73d,94.55,2015-03-20,15:30:45,bank transfer,desktop,109.48.157.22,0,42001,419
2f78715c-6ba4-4f90-aeed-26d4116c55e4,52.05,2025-02-20,22:19:17,debit card,tablet,42.184.176.20,0,42101,420
ec876ee1-a624-4660-8173-a2d71ff23dc0,343.08,2011-03-20,00:30:14,bank transfer,desktop,61.94.37.254,0,42201,421
e414862b-bde8-4cd2-8b11-c2d1ecb4ffae,296.01,2019-01-20,02:34:30,bank transfer,mobile,73.19.167.171,0,42301,422
8fab4d81-7a65-4fdb-9ba0-90675955f21f,439.33,2024-03-20,22:01:16,PayPal,mobile,37.10.76.125,0,42401,423
5a32b073-6200-4b6f-aa72-df40f3e3b96f,2392,2006-02-20,02:51:11,bank transfer,mobile,108.128.142.186,1,42501,424
15f4fd8e-a13f-4d7c-8317-d58b3ee64def,106.77,2002-04-20,00:50:19,credit card,desktop,193.0.14.118,0,42601,425
e70e3a0b-c246-4d55-8c4d-874300300e46,405.74,2021-03-20,18:55:22,bank transfer,tablet,128.154.83.250,0,42701,426
3024a730-d5b5-4433-a723-9811426fa99d,176.5,2011-03-20,20:26:06,credit card,mobile,73.38.249.152,0,42801,427
cddbbd84-2dad-44db-8ede-e50526adf2ed,345.37,2024-03-20,17:51:31,debit card,desktop,35.18.159.167,0,42901,428
10ff1fab-250a-45fa-b50a-3dd7cab2766b,55.04,2005-02-20,23:38:07,PayPal,desktop,196.244.188.33,0,43001,429
b6198b28-8826-402f-bea6-c370ec006a84,266.46,2019-02-20,14:05:00,credit card,tablet,165.53.241.164,1,43101,430
5890c928-77f2-42b9-bdf6-8083cd4a8491,313.05,2016-02-20,20:06:37,credit card,desktop,135.71.111.114,0,43201,431
c957ecb8-de3c-4fa8-9b01-5b1739bd519b,270.06,2012-03-20,16:04:18,PayPal,mobile,114.229.145.213,0,43301,432
a6c30e5f-3260-4c8d-bb81-1fc6889b93ae,193.35,2024-03-20,14:41:09,credit card,mobile,87.97.18.156,0,43401,433
8867f7b6-2867-4a56-b344-14a75c660901,865.94,2025-02-20,10:41:38,debit card,mobile,88.225.92.233,0,43501,434
6153001e-a31e-4585-bbb7-bf70cb45b482,289.05,2020-01-20,04:18:50,PayPal,mobile,18.241.220.58,0,43601,435
328dbf65-689d-495b-8eab-fe81c15425de,137.33,2016-03-20,23:58:29,PayPal,desktop,83.56.182.136,0,43701,436
80fc6cd6-fa8b-449e-bf7f-8f9a23073027,58.94,2016-03-20,05:47:48,PayPal,mobile,93.34.183.135,0,43801,437
27f15b20-268b-4df8-a7fb-014fe6cc434e,137.62,2018-01-20,09:55:29,debit card,desktop,176.27.179.85,0,43901,438
61e28c8c-44ff-431d-8774-a24b10c6baf4,299.43,2006-01-20,03:17:46,PayPal,mobile,117.22.113.178,0,44001,439
db7e5aba-16b6-472a-b24a-e81c539ffccc,13.67,2024-02-20,16:18:24,credit card,mobile,121.125.146.39,0,44101,440
f9cf2229-6133-42b7-af57-ec2c75a6b56b,220.99,2019-01-20,07:58:43,PayPal,tablet,86.177.112.124,0,44201,441
38866962-dbb8-4a86-bd44-ee7e1fd71cf0,325.9,2016-01-20,16:54:10,PayPal,tablet,194.42.184.161,0,44301,442
98908f69-cb35-4830-93fc-8e26e80aac7f,19.59,2016-02-20,06:49:27,bank transfer,tablet,53.190.3.108,0,44401,443
6c4aa282-694c-48e3-b796-144f4a20eb14,308.88,2015-01-20,14:08:09,bank transfer,tablet,183.80.156.23,0,44501,444
24deaa14-d461-424e-98ae-6ac4d0071582,365.01,2017-03-20,12:50:04,debit card,tablet,23.114.83.41,0,44601,445
508dbdbb-7abd-4832-8a45-147cdd68e06c,14.01,2001-04-20,18:25:07,PayPal,desktop,175.175.155.249,0,44701,446
c390a986-f82d-4ff1-99e6-c4c71cfc29d6,68.34,2026-03-20,00:22:47,PayPal,mobile,189.52.139.59,0,44801,447
4ca0765a-1d20-4b63-85e0-07d507782b1f,124.68,2003-03-20,13:35:02,credit card,tablet,62.32.188.43,0,44901,448
6ea3a8ed-745c-44fb-ba1c-94aebcea3e31,247.66,2002-03-20,05:35:49,PayPal,desktop,36.127.153.114,1,45001,449
ecabd272-69ba-4b6d-8397-27771e95880e,97.69,2011-02-20,09:20:08,credit card,mobile,193.162.10.160,0,45101,450
ed7b18df-5e3e-418d-8c3e-6ab2da6c9474,182.59,2022-01-20,18:03:12,bank transfer,tablet,96.181.81.11,0,45201,451
71d54b02-052d-4456-a892-c1bab11004cd,325.1,1930-01-20,08:35:33,credit card,tablet,98.174.1.36,0,45301,452
9406efb9-ff86-4ecd-a5d5-86c4516fa778,203.9,2001-03-20,01:58:01,PayPal,desktop,168.92.186.231,0,45401,453
4d54859e-edf3-4521-8745-ba6ce3819534,174.96,2022-02-20,10:09:03,credit card,mobile,156.120.209.187,0,45501,454
f352a11c-3682-4de6-a7a6-defc323c481d,37.13,2012-02-20,18:17:54,credit card,tablet,9.59.239.43,0,45601,455
b043c93b-cb86-476d-911e-fa6859ce160b,273.6,2005-02-20,23:43:04,bank transfer,desktop,53.34.55.45,1,45701,456
aa9eaa38-b856-4d55-8b92-249251f37b9f,304.21,2018-03-20,17:39:54,credit card,mobile,177.21.28.195,0,45801,457
a95084a0-e8f9-4812-b795-bdacaad0a1f1,108.03,2013-01-20,15:20:10,bank transfer,mobile,129.79.69.148,0,45901,458
b1ca8b62-a8dd-4274-8d13-c3559f4c8dda,119.08,2024-03-20,23:11:39,credit card,tablet,173.216.202.36,0,46001,459
d91d8f73-9c67-4796-8d75-c236954c82b9,161.94,2001-01-20,01:13:53,debit card,tablet,183.3.102.199,0,46101,460
d2d09314-e1ac-4adc-ae87-25c802b22e9b,108.92,2021-01-20,03:47:03,bank transfer,tablet,73.45.103.244,0,46201,461
0c9e21c1-0f3f-4a96-8f07-be5411dd200a,96.83,2009-03-20,07:17:23,credit card,desktop,153.115.245.146,0,46301,462
c0f2a2b6-8839-4c0d-a2b0-01b99039524d,17.24,2027-01-20,06:13:31,PayPal,mobile,50.14.114.144,0,46401,463
bb9fcbad-8a8e-4d4d-8c01-ad48608ff56d,234.32,2020-02-20,14:54:56,bank transfer,tablet,220.62.31.234,0,46501,464
c12e2513-6e9d-472c-b261-1ef4d2f75ea2,38.41,2007-03-20,19:32:54,debit card,tablet,65.87.3.81,0,46601,465
a663d9e6-ee19-44c8-bf91-dbdfffddb104,174.45,2012-03-20,13:46:42,PayPal,mobile,223.178.103.142,0,46701,466
d6c0f4ea-34fd-4778-b1fb-b8d5425a503c,166.17,2023-03-20,23:05:04,PayPal,mobile,222.178.95.19,0,46801,467
f6bbdf9b-1bfc-4051-bf53-23ae15382260,48.88,2003-03-20,22:29:59,debit card,mobile,4.6.155.92,0,46901,468
3c632ac4-1889-4974-b850-fcd37ea57fe2,74.57,2009-02-20,14:20:06,debit card,mobile,194.88.152.79,0,47001,469
bc576dff-694f-4a18-81da-3953737e8671,436.23,2024-01-20,07:05:32,bank transfer,desktop,85.195.132.107,0,47101,470
066d045c-c8e7-4048-8344-ebb007f442e0,401.15,2005-01-20,06:00:56,PayPal,tablet,198.241.217.248,0,47201,471
7bdacb54-67dd-40be-836b-943b0b0eaf04,80.08,2016-02-20,00:14:25,debit card,desktop,15.145.179.75,0,47301,472
8fe53d62-0c16-455f-809f-661d4375a54d,277.72,2004-01-20,03:00:42,debit card,desktop,160.155.30.152,0,47401,473
165a4434-c7c1-49e2-8876-3eabdb3a0fc8,821.73,1931-03-20,15:24:34,PayPal,mobile,113.174.195.232,0,47501,474
072ad95b-0036-40b8-a038-96261f410155,215.31,2002-03-20,10:14:44,PayPal,mobile,169.1.31.253,0,47601,475
ff21d868-c2b9-4cc4-972b-64ea920e6014,110.2,2027-02-20,14:00:57,PayPal,desktop,190.160.177.217,0,47701,476
e53266ef-4213-4dce-adca-46b93707f699,332.62,2013-03-20,22:59:05,PayPal,desktop,223.0.144.51,0,47801,477
87b5fd70-591a-4f4c-b850-db45fdbc481a,102.65,2022-03-20,21:54:36,bank transfer,desktop,13.200.80.190,0,47901,478
d6ff6a84-b327-4c73-a0f4-fbb4213738be,70.21,2014-02-20,02:57:23,debit card,mobile,163.193.222.108,0,48001,479
9f52a093-5e70-47c3-8071-9e57345250eb,165.39,2029-02-20,04:49:53,debit card,desktop,59.233.212.180,0,48101,480
9efc6598-f6c2-4615-9459-88f817945e23,27.55,2001-03-20,21:51:18,PayPal,desktop,60.96.207.55,0,48201,481
29caa603-9a94-4c11-a248-43dc19741204,372.84,2017-01-20,13:00:06,PayPal,desktop,52.38.57.111,0,48301,482
cf90a598-8d66-40c0-805b-cbd018a3677a,251.31,2013-02-20,00:32:19,bank transfer,desktop,9.95.22.164,0,48401,483
ba35d51d-d03e-49f6-8a44-6f4ee285dd16,289.12,2013-03-20,17:05:16,debit card,mobile,173.25.18.170,0,48501,484
3238cf46-ae2b-467e-82dd-e86183f790e5,385.78,2018-02-20,03:51:33,PayPal,mobile,188.217.221.227,0,48601,485
b8f3c50d-5030-4d95-b137-18f9e27e16c7,50.86,2004-03-20,09:28:44,PayPal,tablet,161.213.71.229,0,48701,486
2ae5f29a-462c-4335-b67f-2a48c3799d4d,189.55,2003-02-20,23:32:34,debit card,desktop,70.82.209.219,0,48801,487
e71e492c-fab4-497b-a609-b890c3bc6972,69.07,2004-01-20,01:07:20,credit card,tablet,184.175.17.254,0,48901,488
a2d79f61-e182-4563-8344-f15c596f3f1b,46.6,1930-01-20,19:47:16,bank transfer,mobile,159.234.36.198,0,49001,489
7b588d1d-ad12-466a-b7db-161fb7d8a110,123.72,2026-03-20,11:59:26,PayPal,mobile,136.184.4.75,0,49101,490
2896025b-4f9d-4132-93e5-337e1fc544d5,661.66,2024-02-20,06:55:12,bank transfer,mobile,47.166.238.118,0,49201,491
1d66518c-cfa3-4fcb-8860-8df81fe0d83f,177.17,2028-03-20,05:40:41,bank transfer,tablet,154.88.63.170,0,49301,492
18c38c15-fbe2-4495-823d-6a1ddb9e5263,118.13,2001-03-20,13:02:09,PayPal,tablet,57.228.219.217,0,49401,493
32f3bf4e-db60-4cd0-b0ff-19445aebfbc8,258.63,2006-01-20,01:51:39,debit card,mobile,137.97.147.223,0,49501,494
b1267868-f634-44e9-b60c-2b88d0921a67,176.58,2009-01-20,20:32:45,debit card,desktop,150.62.158.243,0,49601,495
51bae630-ddae-4a06-bb3e-fccf0f1ae2e0,283.69,2010-01-20,15:48:57,bank transfer,tablet,45.97.38.68,0,49701,496
de206481-b1a1-4321-8cde-069e36a9ce27,241.29,2003-01-20,16:42:59,debit card,tablet,171.201.35.75,0,49801,497
9e744edd-4b5c-4402-9471-03e5cfc3caee,18.23,2024-03-20,06:27:02,PayPal,tablet,192.232.26.178,0,49901,498
b9db3b58-eca7-4a7d-a484-5087fa39396b,239.51,2012-03-20,09:21:14,PayPal,desktop,55.2.12.145,0,50001,499
f2d79518-2696-4cde-982d-fa59329561a0,54.8,2012-02-20,18:43:27,debit card,desktop,41.140.41.144,0,50101,500
be35706b-5c82-42b4-bbf1-0c9421dccf11,13.6,2029-02-20,03:37:57,bank transfer,tablet,6.58.123.223,0,50201,501
4f7c1cc8-05c0-4010-91bf-41d79f666393,548.29,2020-01-20,01:43:57,credit card,tablet,11.139.34.19,0,50301,502
9358b233-e47e-49c5-8641-efe64ddc817e,200.44,2012-02-20,14:30:00,PayPal,tablet,168.182.52.161,0,50401,503
79be8aa3-d8c8-419b-93a2-d2f15904d41a,25.71,2023-02-20,06:20:05,debit card,tablet,27.140.210.45,0,50501,504
532ee12c-58ce-4301-9e85-c05b26efdd52,470.15,2015-02-20,05:38:49,bank transfer,mobile,24.206.121.200,0,50601,505
bf86ba41-1743-4bae-8f68-62be949a3567,24.09,2015-02-20,13:30:19,credit card,tablet,197.122.86.28,0,50701,506
a612ade4-bc87-49c2-9bf8-7003d793cb4a,15.13,2018-03-20,09:32:54,bank transfer,mobile,9.26.108.229,0,50801,507
97852151-c253-4998-b965-7e81640c3ad3,260.59,2007-03-20,01:32:54,credit card,desktop,221.169.18.106,0,50901,508
12ec038f-a4dc-4e4a-9dba-4602b9ddb0f4,418.15,2011-01-20,16:53:55,bank transfer,desktop,213.171.138.71,0,51001,509
fad92763-c37b-4a56-ac13-13e2b2f30814,38.16,2019-03-20,06:25:52,credit card,desktop,52.123.81.72,0,51101,510
8cd032d8-7dc8-4dc4-a113-3ac589d71975,185.27,2023-01-20,08:50:56,PayPal,mobile,218.83.140.39,0,51201,511
ec0b7009-3d87-4657-9ecf-e48854bb905e,227.11,2023-02-20,11:38:53,bank transfer,mobile,101.236.209.25,0,51301,512
600abec7-8f64-4dc5-9523-3ae952ae449b,1408.75,2026-01-20,20:30:11,PayPal,mobile,12.250.243.91,1,51401,513
2c118f23-7481-4795-a91b-f68287bdf8d3,64.48,2025-03-20,14:58:58,credit card,desktop,153.141.4.108,0,51501,514
3fddab95-823e-4972-9ad2-da30ec246dac,302.33,2017-01-20,02:47:49,PayPal,mobile,70.241.89.127,0,51601,515
4056ae8e-ab92-4ff1-8c03-0560a2a663a8,130.82,2013-03-20,19:04:37,credit card,desktop,112.143.223.42,0,51701,516
ad47a5bb-f615-4c7c-be14-b36f42ba6073,89.43,2001-02-20,08:15:02,credit card,desktop,168.203.52.1,0,51801,517
247f0e23-aec0-43fb-8beb-78e1028327a0,140.44,2018-01-20,20:42:44,credit card,tablet,4.239.40.227,0,51901,518
65fabc8e-3068-41cb-8463-8f9316155e48,602.5,2016-02-20,03:38:01,PayPal,mobile,114.111.180.41,0,52001,519
1773d631-a46c-40a4-9e03-a6d7ffb30db6,15.74,2012-02-20,23:29:01,debit card,tablet,2.35.189.135,0,52101,520
0a2ec6c1-3a07-4cd3-9fe3-ac3ff8ef1573,682.1,2014-02-20,01:02:45,debit card,tablet,117.164.33.66,0,52201,521
8f99098e-f7e9-49c8-b522-ae321bc9e4f7,69.47,2013-02-20,18:24:19,debit card,tablet,49.65.75.144,0,52301,522
8e8bb1b3-6d73-467d-9c32-aea74e894c8e,338.76,2008-03-20,13:11:16,PayPal,desktop,70.175.78.75,0,52401,523
93cd01dc-a756-4ef3-bb0e-d9a751236e59,357.94,2009-01-20,23:38:11,bank transfer,tablet,58.110.194.192,0,52501,524
a092ae37-0aad-4fb3-8f5f-337448a6bf5c,14.3,2008-01-20,23:12:05,debit card,desktop,120.254.149.134,0,52601,525
60a9941c-fbfe-4dae-9d5e-e5842f84ee3b,61.6,2029-01-20,17:43:19,PayPal,tablet,160.24.177.110,0,52701,526
dadf8413-fd91-4f8a-9dfa-619f8f0741f3,146.48,2019-03-20,07:04:44,debit card,mobile,25.211.49.105,0,52801,527
b16dbd33-c695-4a9c-8e04-091c9ceb701b,18.14,2006-02-20,04:39:13,PayPal,mobile,175.122.108.5,0,52901,528
7c3eb382-a464-44dd-86d1-06ee7a6e8317,70.95,2022-03-20,23:03:08,bank transfer,desktop,104.118.56.66,0,53001,529
a668afc5-febf-4430-922b-00bc6c2a07fa,552.62,2006-03-20,02:21:40,PayPal,desktop,52.118.2.120,0,53101,530
c975059b-a922-4eb5-8e8e-db3ff127bb30,718.84,2013-01-20,11:28:15,debit card,desktop,167.79.191.111,0,53201,531
de22242e-2ee3-4212-a885-c70353707589,40.88,2019-01-20,05:10:52,debit card,tablet,44.225.187.111,0,53301,532
7cc402a6-574c-417e-bf20-ffc22aaae106,117.84,2024-02-20,18:38:55,debit card,mobile,50.246.209.181,0,53401,533
e2bd7a7c-68fb-4f1f-9b57-3bccd1a96da2,55.61,2014-03-20,07:03:26,PayPal,desktop,164.15.56.106,0,53501,534
1bcf0c8d-803b-4c55-a622-42fed9b17a67,31.68,2018-03-20,14:20:00,bank transfer,mobile,162.5.213.249,0,53601,535
27bd2a81-af40-4ea5-ae5d-0db561f51eeb,79.03,2024-01-20,22:24:33,PayPal,tablet,106.28.106.5,0,53701,536
2ea823fb-4f9a-483b-8953-f3dfab9b9354,178.68,2001-01-20,09:57:38,debit card,tablet,26.189.44.188,0,53801,537
b1824b0c-b31e-4cd7-a5ab-6bb93285a7c8,426.84,2006-02-20,14:32:55,PayPal,mobile,177.112.134.65,0,53901,538
365b3195-7b10-4ee7-b8bc-d5c25180e8da,396.88,2007-01-20,09:56:27,PayPal,desktop,126.52.24.216,0,54001,539
b966515d-c48f-4437-afa7-116fb1a2309f,103.09,2008-02-20,15:43:40,bank transfer,tablet,195.4.6.162,0,54101,540
fd049a6b-9e64-47ee-be09-7e0e5e0fe932,49.72,2019-01-20,10:27:37,debit card,tablet,170.9.189.47,0,54201,541
42ebc045-49a0-4477-8d9c-c6b29cb47792,92.44,2022-01-20,13:55:59,PayPal,desktop,24.60.43.191,1,54301,542
ef52d408-9b72-44ed-ad2b-80b9949d009f,240.47,2015-02-20,00:31:59,debit card,tablet,170.197.184.224,0,54401,543
09f7c7c5-3431-4b4f-a612-27ba750d0db6,245.84,2014-01-20,11:13:51,debit card,desktop,193.100.147.212,0,54501,544
ee55f001-cdda-40ce-a521-1934ed7e328b,456.02,2003-01-20,19:42:22,credit card,desktop,72.192.69.116,0,54601,545
bb1e8bee-3ab2-499d-9f61-6572ffe46c35,14.56,2003-01-20,06:54:43,credit card,tablet,28.218.186.249,0,54701,546
bad7dd17-cf84-4e6e-b970-d0d5e001c5da,329.77,2023-02-20,22:56:51,bank transfer,tablet,132.184.57.198,0,54801,547
58883694-e527-4651-a9f3-580fa0b48726,269.41,2010-03-20,19:32:54,bank transfer,tablet,196.239.169.237,0,54901,548
607e8548-f42a-47f6-84f7-7bd991136935,81.83,2012-03-20,10:36:58,bank transfer,mobile,116.39.66.248,0,55001,549
1fe10685-5912-44f6-823b-70269b407db3,215.29,2001-02-20,06:43:42,credit card,desktop,75.29.133.201,0,55101,550
0bd0c967-4b05-4b38-80b9-dfe175be7e07,82.81,2015-01-20,23:01:59,PayPal,tablet,36.49.75.43,0,55201,551
b0792973-0458-4e3e-b77e-698fddbecc99,24.16,1930-01-20,17:31:06,PayPal,tablet,91.156.9.2,0,55301,552
dd2afa43-9d75-46e3-be81-6453ab695c0b,1741.55,2010-01-20,04:42:55,PayPal,tablet,142.73.216.218,1,55401,553
3f2e124c-3654-4b06-ae32-590bdbecf585,51.27,2013-01-20,23:40:57,credit card,mobile,172.202.86.111,0,55501,554
8058cb95-997f-4b9e-92d9-e6b26063ace4,264.45,2008-01-20,11:31:15,debit card,desktop,202.66.71.17,0,55601,555
548d8171-1285-42bc-be6e-cd2eb66fe7fb,278.31,1931-03-20,05:17:13,credit card,desktop,67.56.71.31,0,55701,556
9f41dcd5-e5ab-4a2f-b847-6d23708980e8,164.2,2012-02-20,21:41:14,bank transfer,desktop,64.232.3.66,0,55801,557
ab199fb8-5542-4f6f-af2b-550fb122b53b,75.9,2028-02-20,06:20:04,credit card,tablet,149.6.65.60,0,55901,558
bbfe8b88-6916-485e-8b2d-3a1bdbf39a8f,154.9,2011-01-20,17:54:21,credit card,tablet,32.57.217.104,0,56001,559
bc761e13-bc5e-4192-87ce-c78c8c74bb7a,130.54,2025-01-20,17:11:14,bank transfer,mobile,138.186.199.133,0,56101,560
ec0a97c8-ab83-42f9-aced-023a6e4e518a,289.5,2013-02-20,13:06:03,PayPal,desktop,82.207.98.181,0,56201,561
6d686a86-cff7-4ba4-ab9e-780cb30d8c04,159,2003-01-20,15:10:23,debit card,tablet,193.26.111.159,0,56301,562
05228b4d-fa43-464f-a678-5c8d752c6040,33.93,2007-02-20,16:10:56,bank transfer,tablet,147.232.228.109,0,56401,563
49fd3430-260c-4bf5-8151-45a3109a18ac,82.62,2001-03-20,05:02:13,debit card,tablet,207.97.176.175,0,56501,564
d7cd63d8-4e81-4b70-b486-a97aae57c424,140.06,2004-01-20,15:37:50,debit card,mobile,163.7.10.44,0,56601,565
a36f2ada-4dd2-483e-8db4-098f160dbbb7,102.19,2004-01-20,05:14:59,debit card,mobile,76.206.116.252,0,56701,566
dad2805a-017f-430b-9b4a-7ee9260855e2,73.73,2002-01-20,03:51:30,PayPal,mobile,169.130.142.110,0,56801,567
8fd767c8-e297-4c9d-88b0-79c8c85a3ecc,475.72,2020-02-20,02:06:25,debit card,tablet,201.192.157.139,0,56901,568
9156c89e-f71c-4737-b6bd-02d1f6365318,174.59,2011-02-20,07:43:51,PayPal,desktop,192.227.225.164,0,57001,569
b4ce4d38-e1bc-4a50-bc2e-0830aad8718f,485.46,2021-02-20,15:48:20,credit card,tablet,163.247.11.209,0,57101,570
db5945fd-e38d-440d-9a29-aa06e1c548fd,325.99,2005-02-20,10:50:49,PayPal,mobile,121.225.45.251,0,57201,571
8551ba25-abcf-4d08-a061-2ee07c296025,523.2,2001-04-20,15:37:48,debit card,tablet,184.72.91.249,0,57301,572
140dd973-34d1-4cfa-955b-9da9856a366c,524.81,2028-01-20,22:14:56,credit card,desktop,29.25.168.165,0,57401,573
f7940cab-50e6-4cce-9b30-3d377ab04be0,223.35,2011-02-20,01:31:24,credit card,tablet,136.188.28.2,0,57501,574
d348fd25-3295-4f20-888a-38013fb71a65,351.48,2025-02-20,16:53:13,debit card,tablet,62.122.107.145,0,57601,575
acc11857-64d3-4ea6-b75d-72d1f37a08a8,90.76,2024-01-20,20:59:33,bank transfer,tablet,16.80.170.179,0,57701,576
1bcd01ba-0228-4058-ae32-c7f26ddd72fe,33.14,2017-02-20,17:11:47,PayPal,mobile,206.75.126.94,0,57801,577
e2b9b816-e233-424a-9781-f5da88fb4816,165.48,2027-03-20,16:56:09,credit card,mobile,111.36.82.130,0,57901,578
ac704cb4-46da-42d3-a454-8253d8adf9a8,67.34,2008-03-20,20:19:32,PayPal,mobile,90.82.134.49,0,58001,579
131b9582-056c-448f-aedd-6fc298db9ab8,165.41,2010-01-20,08:22:12,PayPal,tablet,179.209.37.145,0,58101,580
9a6100fa-5024-4cef-aa6d-30aa475a3be2,264.38,2007-02-20,19:29:38,debit card,tablet,191.40.234.220,0,58201,581
08de0284-a060-47bc-a576-401eda65961b,414.95,2018-03-20,10:45:50,PayPal,mobile,84.125.3.118,0,58301,582
997a3375-e038-449c-99fe-2d30ef23b4c5,731.86,2016-02-20,17:52:12,credit card,mobile,220.128.222.195,1,58401,583
3781a1ea-f9af-4197-9f34-c7eef6f061c9,494.13,2018-03-20,11:28:42,credit card,desktop,174.28.229.131,0,58501,584
714875f8-8aa5-46e0-8077-1f43e4e822b5,493.6,2021-01-20,01:11:49,bank transfer,desktop,123.38.68.249,0,58601,585
e427b361-4728-4b47-9b36-abe75980b6fb,115.06,2022-01-20,19:56:53,PayPal,tablet,200.253.29.132,0,58701,586
b9fbc856-56e8-4506-91b3-cfbd2a10995c,110.95,2004-01-20,04:33:33,credit card,mobile,155.155.247.198,0,58801,587
52635f7f-a138-4754-960f-7c4f458cc4c5,22.82,2008-03-20,21:41:13,bank transfer,mobile,22.24.244.193,0,58901,588
490ad1eb-26f1-4cdc-a7ac-21755b65f040,265.75,2004-01-20,01:11:40,debit card,tablet,15.174.155.1,0,59001,589
dc09873c-911e-4599-b29a-ecf04d60cf25,166.28,2006-03-20,05:27:24,credit card,mobile,40.45.84.36,0,59101,590
928a71c5-0f70-4dfe-a36a-d7592c04ccbe,255.66,2024-02-20,21:33:44,bank transfer,tablet,114.39.193.245,0,59201,591
901d8171-d4a9-4ecc-82b0-a6e08f4260b4,168.84,2024-03-20,23:52:02,credit card,tablet,11.178.249.71,0,59301,592
f33ab563-21a3-4b93-b342-0dc40980e376,173.38,2027-01-20,17:12:38,PayPal,mobile,53.117.247.58,0,59401,593
cd052333-04e3-426f-8834-e06e2935fd4f,179.46,2013-02-20,09:36:51,debit card,mobile,194.182.90.38,0,59501,594
bd1d9b64-07de-45f7-9130-76c87c01e85d,91.67,2022-02-20,19:06:32,bank transfer,desktop,194.199.140.162,0,59601,595
ef38a469-6d33-43a5-b988-2445ee545c04,88.37,2026-03-20,09:31:03,credit card,desktop,216.130.94.29,0,59701,596
7aaef9e4-da0f-41cc-b308-0814a32941af,265.67,2028-01-20,11:27:26,credit card,desktop,119.248.247.140,0,59801,597
3c803665-35a4-405f-a490-021182122d03,2359.35,2010-02-20,02:22:52,debit card,tablet,126.22.145.28,1,59901,598
887c0a6f-f7dc-4ed1-a646-83d41a8cdfb2,59.7,2007-03-20,02:12:07,bank transfer,tablet,44.167.33.187,0,60001,599
